tier,word,utterance_type,object_present,speaker,timestamp,basic_level
*FAN,almond+milk,q,n,MOT,2943320_2945500,milk
*CXN,almond+milk,n,n,SIS,2946470_2947270,milk
*FAN,almond+milk,n,n,MOT,2948070_2949070,milk
*CXN,animal,d,y,SIS,3878490_3882280,NA
*FAN,animal,q,n,MOT,3882280_3883340,NA
*FAN,animal,q,n,SIS,3888870_3889870,NA
*MAN,animal,q,y,FAT,6493440_6494710,NA
*FAN,animals,q,n,MOT,3884680_3885980,NA
*TVN,animals,s,u,TVN,8908110_8912070,NA
*TVN,animals,s,u,TVN,8915620_8916660,NA
*TVN,antenna,s,u,TVN,8877150_8882670,antenna
*TVN,antenna,s,u,TVN,8886960_8887970,antenna
*FAN,apple+puree,d,n,MOT,1983630_1987370,puree
*FAN,applesauce,d,n,MOT,1964430_1965810,applesauce
*FAN,Aquaphor,q,y,MOT,27306140_27307570,Aquaphor
*FAN,arm,d,y,MOT,21965350_21968700,arm
*NOF,arm,d,n,MOT,25120830_25122330,arm
*FAN,babies,d,n,MOT,2430010_2434110,baby
*CXN,back,i,n,MOT,24147480_24148080,back
*MAN,backpack,q,n,FAT,23241980_23243260,pack
*OLN,backs,d,n,MOT,3660460_3661260,back
*CXN,bag,d,n,MOT,22994600_22995930,bag
*MAN,bag,d,n,FAT,23186260_23189880,bag
*MAN,bag,d,n,FAT,23193260_23194730,bag
*FAN,bag,d,n,MOT,23202410_23203610,bag
*CHN,ball,i,y,MOT,4584880_4585660,ball
*OLN,ball,q,n,TOY,4596060_4596860,ball
*CXN,ball,d,y,MOT,4755620_4757270,ball
*CXN,ball,d,y,TOY,4759470_4760320,ball
*CXN,ball,q,y,TOY,4890830_4892790,ball
*CXN,ball,i,n,TOY,6541710_6543070,ball
*OLN,ball,i,n,TOY,6558460_6559530,ball
*CXN,ball,i,n,TOY,8648640_8649480,ball
*CXN,ball,q,n,TOY,8697810_8699260,ball
*CXN,ball,q,y,MOT,22923620_22925510,ball
*CXN,ball,i,y,MOT,22925510_22926310,ball
*OLN,ball,i,y,MOT,23257620_23259210,ball
*CXN,ball,q,y,MOT,23355020_23356250,ball
*CXN,ball,q,n,TOY,23490900_23492750,ball
*CXN,ball,q,n,TOY,23704130_23705590,ball
*OLN,ball,i,n,TOY,24362920_24365400,ball
*CXN,balls,q,n,MOT,4613740_4614780,ball
*FAN,banana,i,y,MOT,30538850_30540880,banana
*FAN,banana,d,n,MOT,30549980_30552220,banana
*FAN,bananas,q,y,MOT,30541680_30542720,banana
*FAN,bananas,d,n,MOT,30549980_30552220,banana
*FAN,barley,d,n,MOT,1975960_1976960,barley
*FAN,barley,d,n,MOT,1983630_1987370,barley
*OLN,bathing+suits,n,n,MOT,23129560_23130590,bathing+suit
*FAN,beak,d,n,MOT,2989310_2991550,beak
*FAN,bed,q,n,MOT,23036380_23038240,bed
*OLN,bed,q,n,MOT,25997460_25999320,bed
*MAN,bed,q,n,FAT,26000120_26001240,bed
*FAN,belly,d,y,MOT,3970570_3972350,belly
*FAN,bench,q,n,MOT,24808960_24810000,bench
*CXN,bib,d,n,MOT,2382600_2383400,bib
*FAN,bib,d,n,MOT,3680900_3683460,bib
*FAN,bird,d,n,MOT,2419960_2422610,bird
*FAN,bird,d,n,MOT,2425280_2429010,bird
*FAN,bird+bath,d,n,MOT,2575940_2578790,bath
*FAN,bird+feeder,d,n,MOT,3153000_3157210,feeder
*CXN,bird+feeder,d,n,MOT,22421320_22422240,feeder
*FAN,bird+seed,d,n,MOT,22438120_22439940,seed
*OLN,birdie,n,n,MOT,2588160_2592130,birdie
*FAN,birdie,d,n,MOT,2595260_2596630,birdie
*CXN,birdie,d,n,MOT,22421320_22422240,birdie
*FAN,birdie,d,n,MOT,22422840_22425240,birdie
*FAN,birdie+bath,q,n,MOT,2584380_2586060,bath
*FAN,birdies,q,n,MOT,2347350_2348400,birdie
*FAN,birds,d,n,MOT,2415830_2417560,birdie
*FAN,birds,d,n,MOT,3250440_3252820,birdie
*FAN,birds,d,n,MOT,3250440_3252820,birdie
*FAN,blanky,d,y,MOT,29146790_29148150,blanky
*OLN,blanky,q,n,MOT,29212090_29213120,blanky
*FAN,blowfish,r,y,MOT,5226110_5227260,blowfish
*FAN,blowfish,r,y,MOT,5233930_5235390,blowfish
*FAN,boogers,d,n,MOT,22805870_22806940,NA
*CXN,book,q,y,MOT,5126450_5128600,book
*NOF,book,d,y,MOT,5297110_5297930,book
*FAN,book,d,n,MOT,22504100_22504710,book
*FAN,booty,n,y,MOT,24178770_24179770,NA
*FAN,booty,n,y,MOT,24181090_24182320,NA
*FAN,booty,n,y,MOT,24181090_24182320,NA
*FAN,booty,n,y,MOT,24181090_24182320,NA
*FAN,booty,n,y,MOT,24186650_24188220,NA
*FAN,booty,n,y,MOT,24186650_24188220,NA
*FAN,booty,n,y,MOT,24186650_24188220,NA
*OLN,booty+booty,q,n,MOT,23013880_23015820,NA
*OLN,booty+booty,q,n,MOT,23018660_23019560,NA
*FAN,bottle,d,n,MOT,7959750_7960750,bottle
*FAF,bottles,d,y,MOT,29436130_29437310,bottle
*FAF,bottles,d,y,MOT,29440590_29442000,bottle
*MAF,box,q,n,FAT,22977780_22979330,box
*CXN,buggies,s,n,MOT,29768400_29770200,bug
*FAN,bugs,d,n,MOT,3244030_3245090,bug
*FAN,bugs,d,n,MOT,3250440_3252820,bug
*OLN,bugs,s,n,MOT,29764450_29765770,bug
*FAN,bugs,s,n,MOT,29765770_29766780,bug
*CXN,bugs,s,n,MOT,29768400_29770200,bug
*CXN,bugs,s,n,MOT,29770200_29771330,bug
*FAN,bunnies,d,n,MOT,3195900_3197640,bunny
*TVN,bus,s,u,TVN,8766840_8768340,bus
*TVN,bus,s,u,TVN,8773110_8774210,bus
*TVN,bus,s,u,TVN,8781360_8782710,bus
*TVN,bus,s,u,TVN,8787460_8788580,bus
*TVN,bus,s,u,TVN,8796700_8798220,bus
*TVN,bus,s,u,TVN,8801730_8804680,bus
*TVN,bus,s,u,TVN,8809910_8812150,bus
*TVN,bus,s,u,TVN,8816280_8817350,bus
*TVN,bus,s,u,TVN,8820870_8827780,bus
*TVN,bus,s,u,TVN,8830080_8831080,bus
*TVN,bus,s,u,TVN,8837340_8840260,bus
*TVN,bus,s,u,TVN,8844180_8845800,bus
*TVN,bus,s,u,TVN,8848470_8856190,bus
*TVN,bus,s,u,TVN,8859390_8860420,bus
*TVN,bus,s,u,TVN,8868370_8869540,bus
*TVN,bus,s,u,TVN,8872750_8874450,bus
*TVN,bus,s,u,TVN,8882670_8884020,bus
*TVN,bus,s,u,TVN,8887970_8889000,bus
*TVN,bus,s,u,TVN,8892280_8899340,bus
*TVN,bus,s,u,TVN,8900350_8907110,bus
*TVN,bus,s,u,TVN,8908110_8912070,bus
*TVN,bus,s,u,TVN,8916660_8917860,bus
*CXN,button,i,y,TOY,4909310_4910150,button
*OLN,button,q,y,MOT,5200570_5202790,button
*FAN,button,i,y,MOT,5272650_5275930,button
*FAN,button,i,y,MOT,5328610_5330420,button
*FAN,button,i,y,MOT,5370670_5374930,button
*OLN,button,i,y,TOY,5552840_5553650,button
*CXN,button,i,y,TOY,6869770_6872030,button
*CXN,button,i,n,TOY,22906280_22908600,button
*CXN,cake,s,n,MTV,5592680_5593890,cake
*CHN,cake,s,n,TOY,24544480_24545230,cake
*FAN,cape,d,n,MOT,25119260_25120830,cape
*MAN,car,d,n,FAT,22942620_22943890,car
*FAN,car,q,n,FAT,25849590_25851490,car
*FAN,car,d,n,MOT,25852890_25854970,car
*OLN,car,q,n,FAT,25869470_25870610,car
*CHN,car,d,n,MOT,30390180_30390830,car
*FAN,car+seat,q,n,MOT,30474700_30475780,car+seat
*FAN,cereal,n,n,MOT,1959990_1960790,cereal
*OLF,cereal,d,n,MOT,1968520_1970050,cereal
*OLF,chair,i,n,MOT,2677990_2680220,chair
*OLN,chair,d,n,MOT,2850510_2851940,chair
*OLN,chair,d,n,MOT,3068710_3069570,chair
*FAN,chair,d,n,MOT,3070380_3072100,chair
*FAN,chair,d,y,MOT,4302530_4303440,chair
*CXN,chair,q,y,MOT,24658590_24659560,chair
*FAN,chair,q,n,MOT,24826420_24827840,chair
*CXN,Charlie,n,n,MOT,3542930_3544440,Charlie
*FAN,church,d,n,MOT,23857140_23858860,church
*FAN,claws,r,y,MOT,5173740_5178940,claw
*FAN,claws,r,y,MOT,5323740_5325330,claw
*FAN,claws,r,y,MOT,5364400_5368460,claw
*FAN,claws,r,y,MOT,5394490_5400000,claw
*FAN,cloth,n,n,MOT,25430870_25431670,cloth
*FAN,clothes,d,n,MOT,2930880_2934480,clothes
*CXN,clothes,d,n,MOT,23136390_23137190,clothes
*FAN,clothes,d,n,MOT,23335680_23336850,clothes
*FAN,clothes,d,n,MOT,23595740_23597940,clothes
*OLN,clothes,d,n,MOT,23632970_23634270,clothes
*FAN,clothes,d,n,MOT,23795660_23796660,clothes
*FAN,clothes,q,n,MOT,23908870_23912210,clothes
*FAN,clothes,q,n,MOT,23908870_23912210,clothes
*FAN,clothes,d,n,MOT,25436030_25436830,clothes
*FAN,clownfish,r,y,MOT,5154880_5160160,clownfish
*FAF,computer,d,n,MOT,22981280_22982310,computer
*MAN,cooler,d,n,FAT,22964040_22966510,cooler
*FAN,cow+milk,q,n,MOT,2943320_2945500,milk
*FAN,crab,r,y,MOT,5154880_5160160,crab
*FAN,crab,r,y,MOT,5173740_5178940,crab
*FAN,crab,r,y,MOT,5220170_5222340,crab
*FAN,crab,r,y,MOT,5233930_5235390,crab
*FAN,crab,r,y,MOT,5259330_5261670,crab
*FAN,crab,r,y,MOT,5264560_5266790,crab
*CHN,crab,r,y,MOT,5272020_5272650,crab
*FAN,crab,r,y,MOT,5272650_5275930,crab
*FAN,crab,r,y,MOT,5311070_5315770,crab
*FAN,crab,r,y,MOT,5370670_5374930,crab
*OLN,Crab+The+Traveler,d,y,MOT,5130410_5131220,Crab+The+Traveler
*CXN,crib,d,n,MOT,1889280_1890520,crib
*CXN,crib,d,n,MOT,1891370_1895360,crib
*FAN,crib,d,n,MOT,25718240_25721130,crib
*FAN,crib,q,n,MOT,25995180_25997460,crib
*NOF,Crocs,d,n,MOT,24848490_24849530,Crocs
*FAN,Desitin,q,y,MOT,27304860_27306140,Desitin
*FAF,diape,d,y,MOT,27054230_27055640,diaper
*FAN,diaper,d,n,MOT,22615780_22617470,diaper
*OLN,diaper,d,n,MOT,22685760_22689490,diaper
*FAN,diaper,d,n,MOT,23937660_23940130,diaper
*NOF,diaper,d,n,MOT,24062600_24063680,diaper
*FAN,diaper,d,n,MOT,24090230_24093090,diaper
*FAN,diaper,d,n,MOT,24148080_24149360,diaper
*OLN,diaper,d,n,MOT,24218670_24219470,diaper
*FAN,diaper,d,n,MOT,24733520_24735450,diaper
*FAN,diaper,d,n,MOT,27158370_27159680,diaper
*MAN,diaper+bag,q,n,FAT,23233930_23234930,bag
*FAN,diaper+bag,d,n,MOT,30626460_30628200,bag
*MAN,diapers,d,n,FAT,23274820_23276010,diaper
*FAN,diapers,n,n,MOT,23276810_23277610,diaper
*MAN,diapers,n,n,FAT,23278470_23279470,diaper
*FAN,diapers,d,n,MOT,23279470_23282840,diaper
*FAN,diapers,d,n,MOT,23279470_23282840,diaper
*OLN,diapey,d,n,MOT,22827090_22828570,diaper
*FAN,diapey,d,n,MOT,30405120_30406120,diaper
*FAN,dirt,d,n,MOT,6058560_6059670,dirt
*FAN,dog,d,y,MOT,1899530_1900640,dog
*FAN,dog,i,y,MOT,1902090_1903090,dog
*FAN,dog,n,y,MOT,1905660_1906660,dog
*FAN,dog,n,y,MOT,1926690_1927890,dog
*CXN,dog,d,n,MOT,22071340_22072390,dog
*FAN,dog,d,n,MOT,22074050_22078310,dog
*FAN,dog,d,n,MOT,22074050_22078310,dog
*MAN,dog+food,d,n,FAT,23164830_23166010,NA
*FAN,doggie,n,y,SIS,3924820_3925840,dog
*FAN,dogs,i,n,MOT,2605540_2609230,dog
*MAN,dogs,q,n,MOT,22937930_22938930,dog
*OLF,dogs,q,n,FAT,23002530_23003740,dog
*FAN,dogs,q,n,MOT,24206210_24207530,dog
*FAN,dogs,d,n,MOT,25818620_25819890,dog
*FAN,dogs,d,n,MOT,25821090_25823330,dog
*MAN,dogs,d,n,FAT,25834180_25835290,dog
*MAN,dogs,q,n,FAT,25838100_25839390,dog
*FAN,dogs,q,n,FAT,25849590_25851490,dog
*MAN,dogs,q,n,FAT,25867500_25868510,dog
*MAN,dogs,d,n,FAT,25872250_25873320,dog
*MAN,dogs,d,n,FAT,25879250_25880740,dog
*FAN,dolphin,r,y,MOT,5270510_5272020,dolphin
*TVN,doors,s,u,TVN,8781360_8782710,door
*TVN,doors,s,u,TVN,8786380_8787460,door
*CXN,dress,i,n,SIS,2835540_2840780,dress
*FAN,dress,d,y,MOT,5385580_5386650,dress
*FAN,dress,d,y,MOT,5751590_5752900,dress
*FAN,dress,d,y,MOT,5781380_5784990,dress
*FAN,dress,d,y,MOT,5781380_5784990,dress
*FAN,dress,d,n,MOT,8157820_8158850,dress
*FAN,dress,d,y,MOT,23857140_23858860,dress
*FAN,dress,i,y,MOT,29148760_29150560,dress
*FAN,dress,i,y,MOT,29151580_29152800,dress
*FAN,dresses,d,n,MOT,8162710_8164110,dress
*FAN,duck,q,n,MOT,3638380_3639620,duck
*OLN,eggs,r,y,MOT,5268930_5269830,eggs
*FAN,eggs,r,y,MOT,5363790_5364400,eggs
*FAN,elbow,d,y,MOT,21929310_21931890,elbow
*FAN,elbow,d,y,MOT,21934440_21935440,elbow
*CHN,eye,d,y,MOT,5316480_5319760,eye
*FAN,eyes,i,y,MOT,5147020_5148490,eye
*FAN,eyes,d,y,MOT,5210160_5211160,eye
*OLN,eyes,i,y,MOT,5216850_5220170,eye
*FAN,face,i,y,MOT,4046290_4049370,face
*FAN,face,d,y,MOT,4046290_4049370,face
*FAN,face,d,y,MOT,4049970_4051520,face
*FAN,face,i,n,MOT,4509560_4510580,face
*OLN,face,d,n,TOY,6153280_6156310,face
*OLF,face,d,y,MOT,22806940_22807740,face
*CHN,face,s,n,TOY,25047110_25047710,face
*MAN,feet,d,y,MOT,3059940_3060960,foot
*OLN,feet,q,n,MOT,3549230_3550910,foot
*OLF,feet,d,n,SIS,3553640_3556250,foot
*FAN,feet,d,n,MOT,3556250_3557420,foot
*CXN,feet,d,y,MOT,22540810_22541610,foot
*FAN,feet,d,y,MOT,22542830_22543780,foot
*FAN,feet,d,y,MOT,22544830_22545850,foot
*FAN,feet,d,y,MOT,22549660_22558430,foot
*FAN,feet,d,y,MOT,22559940_22563490,foot
*FAN,feet,q,n,MOT,23220850_23222480,foot
*FAN,finger,d,n,MOT,24170590_24173930,finger
*FAN,finger,d,y,MOT,26174720_26176870,finger
*OLN,finger,i,y,MOT,26180610_26181420,finger
*FAN,flower,d,n,MOT,4409170_4410300,flower
*CXN,flowers,d,n,MOT,4390160_4391190,flower
*FAN,Fluttershy,d,y,MOT,29496760_29497360,Fluttershy
*FAF,Fluttershy,n,y,MOT,29497360_29498590,Fluttershy
*FAF,Fluttershy,n,y,MOT,29497360_29498590,Fluttershy
*NOF,Fluttershy,n,y,MOT,29498590_29499630,Fluttershy
*NOF,Fluttershy,n,y,MOT,29498590_29499630,Fluttershy
*CXN,Fluttershy,d,y,MOT,29993270_29995710,Fluttershy
*FAN,food,i,n,MOT,2605540_2609230,NA
*OLN,food,d,y,MOT,3734260_3735850,NA
*FAN,food,d,y,MOT,4274450_4277320,NA
*MAN,food,q,n,FAT,22928770_22930840,NA
*MAN,food,n,n,FAT,23197380_23199810,NA
*CXN,food,d,n,MOT,23201450_23202410,NA
*FAN,GiggleBellies,q,n,MOT,29120000_29121000,GiggleBellies
*FAN,GiggleBellies,n,n,MOT,29123980_29125580,GiggleBellies
*CHN,gown,d,y,MOT,5520350_5521400,gown
*FAN,gown,q,y,MOT,5522200_5523390,gown
*FAN,granola,d,n,MOT,2192260_2194760,granola
*FAN,grass,d,n,MOT,4391190_4393270,grass
*FAN,hair,d,n,MOT,2308030_2312050,hair
*CXN,hair,d,n,MOT,2537030_2538250,hair
*FAN,hair,d,n,MOT,2810520_2812470,hair
*CXN,hair,d,n,SIS,2812470_2814730,hair
*FAN,hair,d,n,MOT,2814730_2816920,hair
*CXN,hair,d,n,SIS,2820420_2821270,hair
*FAN,hair,d,n,MOT,3067710_3068710,hair
*FAN,hair,d,n,MOT,3080740_3083140,hair
*FAN,hair,d,n,MOT,3084040_3088410,hair
*FAN,hair,d,n,MOT,3395000_3396980,hair
*CXN,hair,i,y,SIS,5453020_5454110,hair
*FAN,hair,d,y,MOT,5454110_5455740,hair
*OLN,hair,d,n,MOT,8135250_8137920,hair
*OLF,hair,q,n,MOT,8151110_8151910,hair
*CHN,hair,d,y,MOT,24112070_24113390,hair
*OLN,hair,d,n,MOT,25108780_25109780,hair
*FAN,hair,i,n,MOT,25217280_25218280,hair
*CXN,hair,d,n,MOT,25357620_25358980,hair
*FAN,hair+tie,d,y,MOT,21979760_21980860,hair+tie
*FAN,hair+ties,d,n,MOT,27325840_27326850,hair+tie
*FAN,hand,r,y,MOT,5272650_5275930,hand
*FAN,hands,n,y,SIS,3799940_3803470,hand
*FAN,hands,n,y,MOT,3799940_3803470,hand
*FAN,hands,i,n,MOT,4509560_4510580,hand
*FAN,hands,r,y,MOT,5394490_5400000,hand
*TVN,hands,s,u,TVN,8950180_8954190,hand
*TVN,hands,s,u,TVN,8955200_8956350,hand
*TVN,hands,s,u,TVN,8957150_8966700,hand
*TVN,hands,s,n,TOY,25040330_25041480,hand
*OLN,hands,s,n,TOY,25041480_25047110,hand
*CXN,hat,d,n,MOT,23117640_23121070,hat
*CXN,hat,q,n,MOT,23117640_23121070,hat
*CXN,head,d,n,SIS,2987440_2988510,head
*FAN,head,d,n,MOT,2989310_2991550,head
*SIL,head,d,n,SIS,3004470_3005270,head
*CHN,head,d,n,MOT,30393580_30394580,head
*FAN,heart+worm+meds,n,n,MOT,3518990_3520780,meds
*FAN,hen,q,n,MOT,3265660_3268830,hen
*FAF,highchair,d,n,MOT,2123890_2124780,highchair
*MAN,hip,d,n,FAT,6729010_6730010,hip
*FAN,hose,d,n,MOT,29035850_29038270,hose
*OLF,house,d,n,MOT,22629290_22630380,house
*FAN,iPad,d,n,MOT,23252900_23253900,iPad
*MAN,iPad,d,n,FAT,23271340_23272470,iPad
*FAN,jam+jam,n,n,MOT,23980560_23981270,jam+jams
*FAN,jam+jam,q,n,MOT,23987230_23989810,jam+jams
*FAN,jam+jams,d,n,MOT,23978870_23980560,jam+jams
*FAN,jam+jams,d,n,MOT,23984510_23985620,jam+jams
*FAN,jammies,d,n,MOT,23997160_23999560,jam+jams
*FAN,jellyfish,r,y,MOT,5261670_5262270,jellyfish
*FAN,jellyfish,q,y,MOT,5262270_5263760,jellyfish
*FAN,jellyfish,r,y,MOT,5264560_5266790,jellyfish
*SIL,keys,n,n,MOT,30686380_30687220,key
*FAN,keys,q,n,MOT,30688710_30689310,key
*FAN,keys,d,n,MOT,30693600_30694600,key
*FAN,keys,d,n,MOT,30706920_30708340,key
*FAN,knee,d,y,MOT,3694460_3697980,knee
*FAN,knee,d,n,FAT,6727930_6729010,knee
*MAN,laptop+bag,d,n,FAT,22959990_22960990,bag
*FAN,laundry,d,n,MOT,24934770_24938020,laundry
*FAN,laundry,d,n,MOT,25004180_25005180,laundry
*FAN,leg,i,n,MOT,2824670_2825900,leg
*CXN,lettuce,s,n,MOT,29773010_29773910,lettuce
*FAN,lion,d,n,MOT,5812550_5813880,lion
*CXN,lion,q,y,MOT,6210000_6212190,lion
*FAN,lion,q,y,MOT,6304750_6306720,lion
*FAN,list,d,n,MOT,24529400_24533940,NA
*FAN,medicine,d,n,MOT,3651150_3652380,medicine
*FAN,medicine,d,n,MOT,3655920_3658240,medicine
*FAN,medicine,d,n,MOT,3659040_3660460,medicine
*FAN,milk,q,n,MOT,2872050_2874600,milk
*FAN,milk,d,n,MOT,3120430_3125160,milk
*TVN,monkeys,s,u,TVN,8820870_8827780,monkey
*TVN,monkeys,s,u,TVN,8830080_8831080,monkey
*TVN,motor,s,u,TVN,8837340_8840260,motor
*TVN,motor,s,u,TVN,8844180_8845800,motor
*CXN,mouth,d,n,MOT,3420340_3421820,mouth
*FAN,mouth,q,n,MOT,3442010_3445160,mouth
*FAN,mouth,d,y,MOT,3616760_3620960,mouth
*CXN,mouth,d,y,MOT,3710560_3713510,mouth
*FAN,mouth,i,y,MOT,5706800_5707810,mouth
*FAN,mouth,i,y,MOT,22326470_22328450,mouth
*FAN,neck,d,y,MOT,5194490_5197050,neck
*FAN,neck,d,y,MOT,5194490_5197050,neck
*FAN,needles,r,y,MOT,5227950_5233310,needle
*FAN,nest,d,n,MOT,2430010_2434110,nest
*FAN,nose,d,y,MOT,2202090_2204720,nose
*OLN,nose,d,y,MOT,3097200_3098030,nose
*CHN,nose,d,y,MOT,5191940_5192570,nose
*MAN,nose,d,n,FAT,8626980_8628330,nose
*FAN,nose,d,n,MOT,29455780_29458700,nose
*FAN,oatmeal,d,y,MOT,5194490_5197050,oatmeal
*NOF,oats,d,n,MOT,1972050_1975960,oats
*FAN,oats,d,n,MOT,1983630_1987370,oats
*OLN,octopus,q,y,MOT,4576370_4577170,octopus
*CXN,octopus,q,y,MOT,22973680_22974740,octopus
*FAN,octopus+toys,d,n,MOT,22892120_22894040,octopus
*FAN,OJ,d,n,MOT,2889020_2890640,OJ
*CXN,OJ,n,n,SIS,2890640_2892790,OJ
*FAN,OJ,n,n,MOT,2892790_2893800,OJ
*FAN,orange+juice,q,n,MOT,2872050_2874600,juice
*CXN,orange+juice,n,n,SIS,2895090_2896740,juice
*FAN,orange+juice,d,n,SIS,2896740_2899010,juice
*FAN,orange+juice,q,n,MOT,3856130_3857720,juice
*CXN,oven,s,n,MTV,5598030_5599920,oven
*FAN,pajamas,d,y,MOT,5443890_5446130,pajamas
*FAN,pants,d,n,MOT,24555650_24556760,pants
*OLN,pants,d,n,MOT,24610810_24611740,pants
*FAN,Paw+Patrol,n,n,MOT,29123980_29125580,Paw+Patrol
*OLN,pears,d,n,MOT,1965810_1966610,pears
*FAN,peas,q,y,MOT,22082850_22084410,peas
*FAN,peas,q,y,MOT,22427260_22428380,peas
*FAN,peas,q,y,MOT,22532460_22533580,peas
*FAN,picture,d,y,MOT,25682010_25684060,NA
*FAN,picture,d,n,MOT,25693370_25694690,NA
*FAN,pictures,d,y,MOT,25676560_25678220,NA
*FAN,pillowcase,d,n,MOT,28982200_28983560,pillowcase
*FAN,pole,d,y,MOT,3926660_3928900,pole
*FAN,pole,d,y,MOT,3947670_3952030,pole
*CHN,poo+poo,n,n,SIS,7146230_7147370,NA
*FAN,poop,d,n,MOT,5476150_5477450,NA
*CHN,poop+poop,q,n,MOT,22845190_22846190,NA
*MAF,poopy,q,n,MOT,22115040_22116080,NA
*FAN,poopy+doo,d,n,MOT,22874370_22875840,NA
*OLN,potty,d,n,MOT,2671300_2672380,potty
*FAN,puff,q,y,MOT,22714660_22715720,puff
*OLN,puffs,q,y,MOT,2741650_2742590,puffs
*OLN,puppy,d,y,TOY,5461140_5462670,puppy
*OLN,puppy,d,y,TOY,5463660_5465600,puppy
*FAN,purse,q,n,MOT,30689310_30690310,purse
*MAN,rain+coat,q,n,FAT,22903310_22904330,coat
*CXN,rainbow,n,n,SIS,5605820_5607350,rainbow
*CXN,rainbow,n,n,SIS,5608840_5611430,rainbow
*CXN,rainbow,n,n,SIS,5632700_5633540,rainbow
*FAN,Rainbow+Dash,n,y,MOT,29470730_29471730,Rainbow+Dash
*CXN,Rapunzel,d,n,MOT,2316290_2317740,Rapunzel
*FAN,Rapunzel,d,n,MOT,2810520_2812470,Rapunzel
*CXN,robin,d,n,MOT,2981360_2982690,robin
*OLN,robin,n,n,SIS,2984690_2985840,robin
*CXN,robin,d,n,SIS,3003650_3004470,robin
*FAN,robin,s,n,MOT,3006270_3006960,robin
*FAN,robin,q,n,MOT,3175190_3177050,robin
*FAN,robin,d,n,MOT,3261400_3263440,robin
*FAN,robins,d,n,MOT,3153000_3157210,robin
*CXN,robins,n,n,SIS,3209530_3210550,robin
*FAN,robins,n,n,MOT,3210550_3211880,robin
*CXN,robins,n,n,SIS,3214280_3215650,robin
*CXN,robins,n,n,SIS,3217530_3219120,robin
*CXN,robins,d,n,SIS,3220190_3223690,robin
*FAN,robins,d,n,MOT,3284440_3287020,robin
*CXN,robins,n,n,SIS,3295620_3297130,robin
*FAN,robins,n,n,MOT,3297930_3299100,robin
*FAN,sand,r,y,MOT,5364400_5368460,sand
*FAN,sandals,q,n,MOT,24877600_24878600,sandal
*FAF,sandals,d,n,MOT,24891570_24893560,sandal
*FAN,sandals,d,n,MOT,24906380_24910170,sandal
*FAN,seahorse,n,y,MOT,5421760_5422770,seahorse
*FAN,seashell,d,y,MOT,5356420_5357490,shell
*OLN,seat,d,n,FAT,25873320_25875270,NA
*TVN,seat+belts,s,u,TVN,8817350_8820870,seat+belt
*TVN,seat+belts,s,u,TVN,8820870_8827780,seat+belt
*TVN,seat+belts,s,u,TVN,8820870_8827780,seat+belt
*TVN,seat+belts,s,u,TVN,8828660_8830080,seat+belt
*TVN,seat+belts,s,u,TVN,8831080_8833290,seat+belt
*FAN,seaweed,r,y,MOT,5394490_5400000,seaweed
*CHN,shell,r,y,MOT,5233310_5233930,shell
*FAN,shell,r,y,MOT,5311070_5315770,shell
*FAN,shell,r,y,MOT,5323740_5325330,shell
*FAN,shell,r,y,MOT,5394490_5400000,shell
*FAN,shirts,q,n,MOT,23498540_23500200,shirt
*FAN,shoe,d,y,TOY,4590170_4591700,shoe
*CXN,shoe,i,y,TOY,4648030_4649030,shoe
*CXN,shoe,q,y,TOY,4747810_4750330,shoe
*CXN,shoe,q,y,TOY,4751130_4755620,shoe
*CXN,shoe,d,y,TOY,4761410_4762210,shoe
*FAN,shoe,n,y,TOY,4785120_4785950,shoe
*CXN,shoe,i,y,TOY,6519480_6521070,shoe
*CXN,shoe,d,n,TOY,6535080_6537730,shoe
*CXN,shoe,i,n,TOY,23720860_23721990,shoe
*FAN,shorts,q,n,MOT,24056640_24057730,shorts
*FAN,shorts,d,n,MOT,24058610_24062600,shorts
*FAN,shorts,d,n,MOT,24529400_24533940,shorts
*OLN,shrimp,n,y,MOT,5429450_5430520,shrimp
*FAN,shrimp,d,y,MOT,5433920_5435410,shrimp
*OLF,spinach,d,n,MOT,2013950_2015410,spinach
*FAN,spoon,q,n,MOT,3023460_3024480,spoon
*FAN,spoon,d,y,MOT,3694460_3697980,spoon
*FAN,spoon,n,y,MOT,3806730_3808240,spoon
*OLN,spoon,n,y,MOT,4149230_4150250,spoon
*FAN,spoon,d,y,MOT,4151050_4152160,spoon
*FAN,spoon,q,y,MOT,4193020_4194020,spoon
*FAN,spoon,d,y,MOT,4228320_4229630,spoon
*FAN,spoon,d,y,MOT,4464990_4467730,spoon
*FAN,sqiurrels,d,n,MOT,22442590_22443730,sqiurrel
*FAN,squirrel,d,y,MOT,3746950_3749820,squirrel
*FAN,squirrels,d,n,MOT,22438120_22439940,squirrel
*FAN,squirrels,d,n,MOT,22440950_22441990,squirrel
*FAN,stingray,r,y,MOT,5297930_5300360,stingray
*FAN,stingray,r,y,MOT,5308330_5310460,stingray
*CHN,stool,d,n,MOT,29196090_29197530,stool
*FAN,straw,d,n,MOT,2425280_2429010,straw
*MAN,suitcase,d,n,FAT,22957870_22958940,suitcase
*MAN,suitcase,q,n,FAT,23048260_23050670,suitcase
*MAN,suitcase,d,n,FAT,23186260_23189880,suitcase
*FAN,sun,q,n,MOT,22035120_22036120,sun
*OLN,sunglasses,d,n,MOT,30853890_30855030,sunglasses
*OLN,sweater,d,n,MOT,24556760_24558430,sweater
*FAN,sweet+potato+puree,n,n,MOT,1994950_1996470,puree
*FAN,table,d,n,MOT,3120430_3125160,table
*FAN,table,q,y,MOT,4313940_4315270,table
*OLN,table,d,y,MOT,4319310_4320720,table
*OLN,tail,q,n,MOT,3549230_3550910,tail
*FAN,tail,d,y,MOT,4025160_4028060,tail
*FAN,tail,d,y,MOT,4025160_4028060,tail
*OLN,tail,n,y,MOT,4031100_4032710,tail
*FAN,tail,n,n,MOT,4037440_4040060,tail
*FAN,teeth,d,n,MOT,25671700_25675170,tooth
*FAN,tissue,i,n,MOT,3120430_3125160,tissue
*FAN,tissue,i,n,MOT,5166660_5170290,tissue
*NOF,tissue,i,n,FAT,6812390_6813190,tissue
*FAN,tissues,i,n,MOT,5166660_5170290,tissue
*FAN,toe,d,y,MOT,24219470_24222160,toe
*CXN,toes,d,n,MOT,3391920_3393990,toe
*FAN,toes,d,y,MOT,3395000_3396980,toe
*FAN,toes,d,n,MOT,24906380_24910170,toe
*FAN,toilet,i,y,MOT,29173230_29173990,toilet
*FAN,tongue,i,n,MOT,22817080_22818480,tongue
*FAN,tongue,n,n,MOT,22819430_22822220,tongue
*FAN,tongue,d,y,MOT,22819430_22822220,tongue
*FAN,toothbrush,d,n,MOT,5809110_5811370,toothbrush
*FAN,toothbrush,d,n,MOT,5812550_5813880,toothbrush
*FAN,toy,q,n,MOT,2343530_2345560,NA
*FAN,toy,q,n,MOT,5740860_5743280,NA
*MAF,toys,d,n,FAT,23264530_23265540,NA
*OLF,toys,d,n,MOT,23266970_23268200,NA
*MAN,travel+cooler,q,n,FAT,22928770_22930840,cooler
*MAN,travel+cooler,n,n,FAT,22964040_22966510,cooler
*OLN,tulips,d,n,MOT,4410300_4414040,tulip
*FAN,turtle,r,y,MOT,5239580_5243060,turtle
*CHN,turtle,r,y,MOT,5266790_5267180,turtle
*CHN,turtle,n,y,SIS,5353350_5353710,turtle
*OLN,turtle,n,y,MOT,5353870_5354670,turtle
*FAN,turtle,r,y,MOT,5361600_5363790,turtle
*CXN,turtle,r,y,MOT,5368460_5369060,turtle
*FAN,Twilight,n,y,MOT,29472530_29475510,Twilight
*FAN,underwear,d,n,MOT,2605540_2609230,underwear
*FAN,underwear,d,n,MOT,2670030_2671300,underwear
*FAN,underwear,d,n,MOT,29856500_29857680,underwear
*OLF,undies,i,n,MOT,2677990_2680220,undies
*CXF,undies,i,n,MOT,2695510_2696310,undies
*FAN,undies,q,n,MOT,2739380_2741650,undies
*FAN,undies,i,n,MOT,2829630_2830630,undies
*FAN,undies,d,n,MOT,2840780_2842100,undies
*FAN,undies,i,y,MOT,29169330_29172200,undies
*FAN,undies,i,y,MOT,29169330_29172200,undies
*FAN,vanilla+almond,d,n,MOT,2189270_2190520,NA
*FAN,wand,q,y,MOT,5640680_5641780,wand
*OLN,washing+machine,d,n,MOT,23141620_23142540,washing+machine
*OLN,water,d,n,MOT,1877070_1878920,water
*FAN,water,q,n,MOT,2872050_2874600,water
*FAN,waves,r,y,MOT,5272650_5275930,wave
*CXN,wheel,q,n,SIS,7170520_7171720,wheel
*TVN,wheels,s,u,TVN,8766840_8768340,wheel
*TVN,wheels,s,u,TVN,8772010_8773110,wheel
*TVN,window,s,u,TVN,8912070_8913070,window
*TVN,window,s,u,TVN,8914070_8915620,window
*TVN,window,s,u,TVN,8917860_8920040,window
*TVN,wipers,s,u,TVN,8866610_8868370,wiper
*TVN,wipers,s,u,TVN,8872750_8874450,wiper
*CXN,world,s,n,TOY,6166650_6167600,NA
*FAN,worms,d,n,MOT,3252820_3253700,worm
*FAN,wrist,d,y,MOT,21974130_21975300,wrist
